bvid,link,title,desc,pub_time,cover,tname,view,danmaku,reply,favorite,coin,share,like,author_name,author_face,author_fans
BV1BK411B71J,https://www.bilibili.com/video/BV1BK411B71J,错位时空【奥托/绫人】我将带领人类，再冲一遍虚数之树,"作品类型：翻调
------------------------------------------------------------
原曲：《错位时空》
制作：某科学的卡面来打
填词：k423空之律者
翻唱：星尘minus
封面：失乡号的咸鱼干
------------------------------------------------------------
苏怒，万叶笑（bushi）",2022-12-29 12:00:00,http://i0.hdslb.com/bfs/archive/9e2cbaff0bdf50fc49dc5832776a9e0594c0e6f5.jpg,,25022,47,120,754,285,52,1872,某科学的卡面来打,https://i1.hdslb.com/bfs/face/85bed1fe21d519d9b0f9508b35425b924180e718.jpg,63269
